iter	RMSE
0	1.206476761
50	0.9318607449
