iter	RMSE
0	1.165587631
50	0.8421454582
100	0.7795154263
150	0.7579704098
200	0.7466644038
250	0.7385425577
